model,region,hours,seed,station_count,selection_sha256,aql,crps
Cross-Unet-v2,Australia,6,2021,11,0fdfa113fb758ca10bddcd499f915baddc75b542f05f1cdf50812aff7436b4a6,0.057724299995822625,0.10689733614065783
Cross-Unet-v2,Australia,6,2022,11,5c8c9d23db3213fe1c6dcdc2b3c380e9a1068a81a0299749e865453618c41cae,0.056721848507860884,0.10520362909045827
Cross-Unet-v2,Australia,6,2023,11,11f18fd791d7688b4fe83946def9b0c7a9ee91283eb552c9cf15c79832ee78c8,0.05770583576688934,0.10686153398884031
Cross-Unet-v2,Australia,24,2021,11,08b384bf6581fda8f73b787d5a28c91d1cb9f5b3d4a30dbbd67033be58b4284b,0.05509746324953801,0.10223963593331024
Cross-Unet-v2,Australia,24,2022,11,3c1d166675c9a813eea113e2a1ca9586cc7939f7ce762e20c846365491447ed9,0.05581493148275393,0.10345418093269902
Cross-Unet-v2,Australia,24,2023,11,3bb0f35bb1aa51db05fae671be641c55b0601979a8548d40252774a2aeaafeb7,0.057062788745594055,0.10594379231707494
Cross-Unet-v2,Australia,168,2021,11,aceb3ce956f005d04388ebc452dfee4ffeab6aeace996d5a24c19d48553d740d,0.058730073862870075,0.1086338231064361
Cross-Unet-v2,Australia,168,2022,11,b68296e6d16dcac8e563c9c46bc62e635bf2efbb23cf945dd0326be34e87cada,0.05815876559218281,0.10760727928128029
Cross-Unet-v2,Australia,168,2023,11,4ee79c258c6424e1b3dde19c10f98c1f0963e37684f7e07b5e1f08fd40b66a18,0.05951361133485968,0.11023885935562774
Crossformer_FC,Australia,6,2021,11,1dadf5c565b924f8eb8131157a2597968d1aef7a12be1f9e895b18b188061a02,0.04932975503239842,0.0917716002138428
Crossformer_FC,Australia,6,2022,11,6b5a0b3fbc9301e91115aa4ca6b6a32d20f5d1d6bd7d1595b7340d5901329531,0.049188271958504434,0.09137684428161438
Crossformer_FC,Australia,6,2023,11,87a73f5cedbc199eaf3080c4c97bae4c519f3d469949c2573fd03da4f31a0034,0.05049407005448759,0.09380035391552942
Crossformer_FC,Australia,24,2021,11,91fca9a82f530f5095b7f15efd88bc33321e76a835e135d96e75a2fed87f36d2,0.05908221282647039,0.11018858513157422
Crossformer_FC,Australia,24,2022,11,207a9003bb469041978661b129694c3cd581664560f55d5367c1d76c020cb08d,0.06018238584470657,0.112148406715065
Crossformer_FC,Australia,24,2023,11,2449a6f0d2209b43bb8b7feb6865f808a4be359ec9da6e4e86cdcc025c8918a1,0.06119831880918099,0.11392010444667022
Crossformer_FC,Australia,168,2021,11,e053bcc6034727d2088866a7e4f261f808be41a530e8e1351b5297eab4156e3f,0.0619235678784317,0.11494638436422844
Crossformer_FC,Australia,168,2022,11,0753339ce0f7933096a980483282d5bd7f1d1cae665b0a6cd6f583b60c43ec0e,0.06274269134374039,0.11636392161650405
Crossformer_FC,Australia,168,2023,11,7302aee12a6331cd78670646fe51e49a190e8dc562938ab4cd9f0fa61355c58a,0.0615448052925263,0.11445820337966307
Crossformer_TC,Australia,6,2021,11,c931a87adf497ea12601be019607a3b5705e6e12dd41168450ed364bf2485fd1,0.05323181540216948,0.09923042784258394
Crossformer_TC,Australia,6,2022,11,00670f6dc74a1ce04b7bbb3b52260bc3cb6679381362430acb36b2cef0a8d643,0.050524572262659315,0.09400447056576265
Crossformer_TC,Australia,6,2023,11,d7fc162267789dfda0f500a54dd2fb4f4a9e30304db7a2aea265aafd6bdc615e,0.0517761833108497,0.09641730108916446
Crossformer_TC,Australia,24,2021,11,4c32fd6a97daec26592d3c8a01fc674ca0315f0989693a9eeb3572b55c48ad3d,0.06093774343734801,0.11370026432903203
Crossformer_TC,Australia,24,2022,11,8e8b9a113ef8c518586ff02c6bf2d4b98da80a49cf473b2539a4e5046e50f394,0.060379615004537784,0.11260701767364628
Crossformer_TC,Australia,24,2023,11,1610bf3108fbe0a86cb7c8756062d24cd950781b79a3f58127e7033dbb1f9547,0.06005206076210742,0.11190935638403175
Crossformer_TC,Australia,168,2021,11,be9bd0162289e91365fad79b31c6c0cfefafb90ac07243cfd5b9540666a4922c,0.07160136808507676,0.13230354368524658
Crossformer_TC,Australia,168,2022,11,38c1fc163000a39eff4ea8cf330e3840edd93187a79897ab7e1879151e226010,0.06214647337850124,0.11540933035471633
Crossformer_TC,Australia,168,2023,11,8a4dfc8bc3dd486707f79ae5a6c54cbfa8d6d76e44ea3aa1fbf87cd795d89447,0.06561522665790903,0.12152361123199391
DAG,Australia,6,2021,11,677cc9e2057aa6a315f8dbd5c0c4dac261a72b98b7dc303f8592f987bd7e071d,0.056114586757877546,0.10257063897313316
DAG,Australia,6,2022,11,71f452a3647b39ac40eb518fc146bdfb1aa2944b3c986734dc77a81b014f8e05,0.056163556149173524,0.10269297056124453
DAG,Australia,6,2023,11,e9f4f84f0cac632163c883c689e45debb062f6e83f94d8ff2e3067b2a1c9e438,0.05316206538538395,0.09747370449637374
DAG,Australia,24,2021,11,3c6f1dd5f34149f49aada6fb12952cc43fec5b091d2a99ead985bfd2205f5e9b,0.05704208889604634,0.10425946482164679
DAG,Australia,24,2022,11,2ad1bb0973886d94bcc4ea1cfb7042b428a8356eb680f0f9edee4aca40518071,0.05717937440683308,0.10476727231332816
DAG,Australia,24,2023,11,d54110189bd1b5dba334c33b95244b74402a8c3d3dec585fe0a41eda9e572531,0.05767115547685306,0.10570044964450519
DAG,Australia,168,2021,11,896b2859b6d726a6b5d558b384210acc59024b647d0ec4091504e320e7683364,0.05548321080220362,0.10157131881991602
DAG,Australia,168,2022,11,017a9e7a1d5c580d19cf7b9e1569bd90c556b0b374099e9a60b674ef7634ad1a,0.05505905883465356,0.10083829183598284
DAG,Australia,168,2023,11,fa6c29c370a205aa9543557b83b434312056a9419d8dfe0e6879691c5d5e3ab1,0.05560589609219003,0.10193003726451785
FusionSF-no-spatial,Australia,6,2021,11,62adc29374cf8d2a3f6e0b97ace81964e483ab693601811788e26e01907ed894,0.05266881753273509,0.09840483919830018
FusionSF-no-spatial,Australia,6,2022,11,4005d50c4dcb6519d601ac6f7471a2add36f2d7379fcee04fdc8777ada3b4062,0.05221075341841185,0.09751478296767645
FusionSF-no-spatial,Australia,6,2023,11,ddb1d8700939660a36c216d9ffad79066effe69d0939d7125608dd490452d266,0.05304894053120856,0.09921406078851619
FusionSF-no-spatial,Australia,24,2021,11,8129daafdd60151a0438954bd0e42871ed09e7e039f0bbbab9bdd3cc68a49577,0.05148316741862941,0.09612755792203495
FusionSF-no-spatial,Australia,24,2022,11,4de3c6f84198163cde2201a093136027c81e3795327d75966822b3705bb0db0a,0.05051227172271123,0.09429755350183337
FusionSF-no-spatial,Australia,24,2023,11,3288483b31b11b7d362ae4cde8d5dbbe1d1f9e5d380d76c0c4f3ae637360b506,0.0507610091446425,0.09465768641947968
FusionSF-no-spatial,Australia,168,2021,11,0dd045430cd3a0c4c30f45c7ef3bafcb0fd6572688998e024b6ee8c149bfa52a,0.05299271194316724,0.09872864049680569
FusionSF-no-spatial,Australia,168,2022,11,f965502e8c493445c09367a3402806e95d3db9e68ddad5f2acd0af0d2834e3ab,0.05261309557149354,0.0980467402092923
FusionSF-no-spatial,Australia,168,2023,11,4608e698b71ad93a9b346f05307ecbafa58d98171728201024348cf872916146,0.05306217058566154,0.09863232481464695
GCGNet,Australia,6,2021,11,351412cfda5eb2e895c644c3aa1e5b83e24377261875232864f8c7ffd6fe128c,0.047564722106853224,0.08797144203460096
GCGNet,Australia,6,2022,11,2e84f08d38725466f73373e7dd11e096f0f63e7af30f46ec536ea66b91d6c2fa,0.05282121111215879,0.09696646982117159
GCGNet,Australia,6,2023,11,fd181e84265a0af7e3733fe9996f6cb59f11809f7023ea9cee0b067b497c37d3,0.04863410298746356,0.0897737603866345
GCGNet,Australia,24,2021,11,5f40f364862ceb17d0ff6c763695e39668f1ae0c81af10f093b1097086e7bf96,0.05410919105085623,0.09999380817670342
GCGNet,Australia,24,2022,11,f160bc0cd25fd4e2858775262130a0e6fb596dbb02277f073c124ebe270d44ee,0.05474463686632476,0.10135557161180123
GCGNet,Australia,24,2023,11,f05aaa563d2c6284b73d6d9dd55883e3a359036cafd90cd37ab63ce2359722a9,0.05225229927664714,0.09650821874829063
GCGNet,Australia,168,2021,11,e3d0aac9268e522d3f07b02bdad654f9698cf349ae3b86782d9c3f57e2785534,0.06631230469389347,0.12112840946488608
GCGNet,Australia,168,2022,11,294e5e8f2a63e52ff9f6e379c74e0b1292e31123e5b55ceee8732b0343178edb,0.060819243673727846,0.11174976993034318
GCGNet,Australia,168,2023,11,66d2bbb360af3422e4fc0a21e24b4e19271e3ba4d32b6c85e1428d6610e17972,0.057663589408409675,0.10537129560014331
LightTS_FC,Australia,6,2021,11,4d80704f070134fae0f491d63ee2d08e86f204abbb977194276e28fa87d27556,0.06399022984538001,0.11913530117076533
LightTS_FC,Australia,6,2022,11,056fd6a17b07bd0bc6ab9928f27fe6b8a0de082b5d7d9ed82c8d6822536ad87c,0.06476968554519523,0.12021622353729317
LightTS_FC,Australia,6,2023,11,5c87a42c239ddeff84901bd0ab5ec725a582f0ba30572e6d2326b929cf3f0b9d,0.07007345912980671,0.1297561994843668
LightTS_FC,Australia,24,2021,11,fb86e8cccbc1470ead35eeda89591df7b74ffd841f1e5c61c6e8aa4754aeebef,0.06609017077645092,0.12242941947008455
LightTS_FC,Australia,24,2022,11,3354eb6bf99066b95426efb8f64dd21a6677dd5a5d6a2498c201e44152c61e36,0.06883485301765277,0.1273230690269392
LightTS_FC,Australia,24,2023,11,1718fa786cb6712c81bc1c00487a385ac014981528d3136734b22409afaa194b,0.07169625117382493,0.13278329135373587
LightTS_FC,Australia,168,2021,11,9042451bd2db78caa15be783e121e0518a0682985c2da2af975dc8fa07612a41,0.06283798382456038,0.11595743972390332
LightTS_FC,Australia,168,2022,11,0320d54100897252c76613d54743e02609f36d2a9d0063719262fe0c56c90580,0.06374822235947666,0.11764432928511984
LightTS_FC,Australia,168,2023,11,aff87f1b3bbe1588680d57cc4973807284a60fd7f5d0eda1cc7428741d0c2e40,0.0626381275038138,0.1155669961100561
LightTS_TC,Australia,6,2021,11,288e65ec7723d0e1cf23768909c420801186fd23436f0bd75b9d4a0baab88588,0.06269330033797409,0.11652565120439905
LightTS_TC,Australia,6,2022,11,0746898ac2a97d7f0eff1652dc0e2869aeaf26dedc415cb267af89967286c5e7,0.06357959568844124,0.11817077071118205
LightTS_TC,Australia,6,2023,11,1ec4c07544f0b491fbdc817251d27aec87ca75ed12d7edc7613b520bae37014a,0.0701782910687852,0.12994255212075181
LightTS_TC,Australia,24,2021,11,168b850d3f81ff1a091d352150fa9013b28843f30a8efe876c726aa5d75755f6,0.06716284530960959,0.12437576649338945
LightTS_TC,Australia,24,2022,11,ce090446de9d763f0c19d51f32ad9655832af26a6be0a1c10b218b5a787a6540,0.06658113971372343,0.12332303429536197
LightTS_TC,Australia,24,2023,11,aac8306088b2ee2457a2e244f0c13deb608382ba3d5f94f41890107d5f5b8a7d,0.060365478449902726,0.11169049977504178
LightTS_TC,Australia,168,2021,11,b4b7c3dce6a3fb6cde35ee5a929404e19c6b46620eda32902e5caadb853ed77c,0.05947454700139913,0.10979604283169522
LightTS_TC,Australia,168,2022,11,7b87b8fe52d1887ca2916575814d0f31e1a52fa2d9344b3005c375c6745cd8b4,0.06018983557635851,0.11103197770210761
LightTS_TC,Australia,168,2023,11,0443bf3de726327ac2064983402fc1912de24c551d4cf2debe44b9e6db6cb405,0.05994018038950824,0.11059506707511484
PatchTST_FC,Australia,6,2021,11,147bf786822d2e25da9b2e66bc48c51da38710e083bb508137252f66f6552a57,0.045588044061661365,0.08506203471406211
PatchTST_FC,Australia,6,2022,11,15e63bf7d3e448cd2b275f54bca415fb9ea11fc8f065482f37028734886477ec,0.04622736875116198,0.08641904504866374
PatchTST_FC,Australia,6,2023,11,5d7973c690b00f46842860970f3eeee849124f9705c47cfa18c6b520e16de489,0.04638816798924181,0.0866982502376188
PatchTST_FC,Australia,24,2021,11,1278d13fec13c37d644bd38d670e3b7588f0a14631819b9f1b3deacb852d39ec,0.04629634173590918,0.08574970844895312
PatchTST_FC,Australia,24,2022,11,3c950bf4687bbbd7493e35a9b9f6c80c3b8e765f145e0d45a646eec2fa84e80d,0.04647390136128927,0.08613135689315339
PatchTST_FC,Australia,24,2023,11,6b553c91857362847288701ef99691bc422a597484a4b7329407b5c5194854f6,0.0461506869757133,0.08551628941981519
PatchTST_FC,Australia,168,2021,11,4312a5976f80df53f96b51f032fc0a4f44494e14260fe29b2d0f8ea7c7e4fef3,0.04620203899834223,0.08525110909389658
PatchTST_FC,Australia,168,2022,11,fb62c3b946deec082d76e0c2eb1cf4e756c0e54ca054eb04ebdb4a154a656fa2,0.046102198775721505,0.08503622952469085
PatchTST_FC,Australia,168,2023,11,03388d997c10fae4ef44c28f7679906aaf3539390f1733b0a5e9792f62e85738,0.046191523841671495,0.08517883073401712
PatchTST_TC,Australia,6,2021,11,720118437d017fa3f39bbaeb53fa63b76b9fe4cc84d59b1640a03d988be7592d,0.04613148707738797,0.08639757371920827
PatchTST_TC,Australia,6,2022,11,17e7163c403fd478cf0946d870a969be699ba5274198f22460f8f5e77bd38a1c,0.04615397425104131,0.08633531596301018
PatchTST_TC,Australia,6,2023,11,03d9d700c481a4d45f0c65861e9231a7f8c1818aacb21ed665a395c6dcd03fc0,0.04589121495344559,0.0853292305301847
PatchTST_TC,Australia,24,2021,11,ce8b80c352770980a6e955f991be6ab79b10558be33cc03f51f206933cbaf0fc,0.04594380367538093,0.08501455061861181
PatchTST_TC,Australia,24,2022,11,312571ceda1cf19ab54f3f58e987cbbf453c8afaa0986349de93835bbedbeb1d,0.045851289163229,0.08485789853463842
PatchTST_TC,Australia,24,2023,11,386e1844cd2bcfb3cd735a46f27f134f03069846e0d63a97ed48ccbda6579880,0.045909264824567815,0.08498394390910045
PatchTST_TC,Australia,168,2021,11,c222a0a0284838ecaee90d4961c48486e579fbb8a2096d3b7d08569f6887b147,0.045522404985797855,0.08390075633574408
PatchTST_TC,Australia,168,2022,11,d686cbab1f54460b202c84414ba007d9955a180814236ff5dab90b246c8e232f,0.04566238040246704,0.08429058762119164
PatchTST_TC,Australia,168,2023,11,c9685199fef1e6ba8811ea2f522ce6316419e7ef4b25a9c9f89e578153d5aeeb,0.04582401934139375,0.08464312660489604
TiDE,Australia,6,2021,11,679fdff431e5b25fbb483579e4e2ecb9096db546d34621d9677cc5a564698ba3,0.07261498065105874,0.13306939470294807
TiDE,Australia,6,2022,11,dcf3f600ef7618a977d568d939474158577ae32f21835651fe9e60dc4e95bafd,0.05979456018800647,0.1094448481705257
TiDE,Australia,6,2023,11,71426d1fac9f749f0b1ba27f1545755e68e363e87fe8f8eeb06de5cca3210f95,0.07664007060873665,0.14060581861734922
TiDE,Australia,24,2021,11,3c637425d1a4883afdb4a9ed310974c1a6a1545b4aa1f39e9d85bb3c5495377b,0.05906867023101625,0.10782225562117455
TiDE,Australia,24,2022,11,f0c28970c56d0d12f39e9089a1ddc1a171cb547cb4d9e187f0144e9c70983621,0.05681032813732205,0.10390986669866814
TiDE,Australia,24,2023,11,ee4cfb23475b5d45d144f93d051505db7514661bd14e70af9a534cdf9c657c8c,0.05767507901194551,0.10525851309439133
TiDE,Australia,168,2021,11,1b9a5df3382a76c9805fde6d87e0e7e4d4e42c4415b3b06a7e3bd7694546ad6f,0.0582735665209108,0.10620038877399995
TiDE,Australia,168,2022,11,36d1552637858462b4c7c9ea62b24d65d75addb9a1e4d72e086c3f60f5f0cf99,0.05934751519818562,0.10774181732941841
TiDE,Australia,168,2023,11,50ac0d507c5c0ff5b2e689087e359bed678cb4944cf61394842857f4c0acca59,0.058299240980336293,0.10602310073758386
TimeMixer_FC,Australia,6,2021,11,81c2e1c399ee9ab84a4016001c42c19185dfae4a9a3961018be9a0ba11e40c29,0.05306101644306638,0.09738854828810889
TimeMixer_FC,Australia,6,2022,11,207caa81caef9d4c3b79adaf9766b317ddc503be3aded3b917fd244a0b00d29f,0.05374294488940398,0.09878864949414368
TimeMixer_FC,Australia,6,2023,11,d2c9695e86913a80b57a12b8aafd358621e03262450e2e9c1b4a94c1e8c826c0,0.04930079693630658,0.09096831201871129
TimeMixer_FC,Australia,24,2021,11,3b148e344b2160da27d62226fba92fa1f53d9db39bef89de29c5a02114533565,0.05757514148232284,0.10479120452874144
TimeMixer_FC,Australia,24,2022,11,509b1ffa4ac8661f17fdcb0c0dd6cf599c095a110f2e834145cb3dea49570ebb,0.0572094000202223,0.10409390268949333
TimeMixer_FC,Australia,24,2023,11,3e5c2107948380710bac7a5d49289810af2e3e895c2e9586cdfc0ee73830ff93,0.05826114466179987,0.10620100613217844
TimeMixer_FC,Australia,168,2021,11,e202da0d99d855cafd83b9b7a735890fb6503857675330518442ab657c085017,0.05329052667583847,0.09793707707829637
TimeMixer_FC,Australia,168,2022,11,10e2ead265f6b97ff6111e639dfe073d8a79ece1fcc92f4a8db68de7d91548bc,0.05380692265721229,0.09876251714356696
TimeMixer_FC,Australia,168,2023,11,dcf5eb7d062cf751706f539478f20d96592671e73098f545cada275f5807da55,0.05466242304143063,0.10005610964138661
TimeMixer_TC,Australia,6,2021,11,32a4295190be4fbe63d6f3e7f0d1de2060ebfd0ad24f6b7a3b614da2a9c4e90e,0.04938568174496663,0.09169854821892143
TimeMixer_TC,Australia,6,2022,11,78cbcdcd84e25aa9a71603a059076fc8dfc2118280a64aa51dce7384e6581f65,0.05153530984920562,0.0946751353703239
TimeMixer_TC,Australia,6,2023,11,69145ade64910a6ab040c9d10696e092e1ebc92a98c1fc1977efcfd445342b6c,0.05174348533782667,0.09553223160594736
TimeMixer_TC,Australia,24,2021,11,eb811c56b018cdfa8907c4854aee7c05d86706d1bcef672191536eeb28b53adf,0.054180370029003576,0.10053827733461525
TimeMixer_TC,Australia,24,2022,11,792a6ae4678b6b2021092e8ee7e804b1bf0d1dfe103e4ce8f532e39ad23a409d,0.0541607378129546,0.09960657917604031
TimeMixer_TC,Australia,24,2023,11,a90158c42d2b39606d749cf65d46b4d92f78ba5c6b8b0b83c02239b6959e76ec,0.05380646913059499,0.09911130688291886
TimeMixer_TC,Australia,168,2021,11,50239970c4a12e69fb04e5413382591f8e059d8fc60324e4ed059f9b2afc46f1,0.050695332001219444,0.09350765716884193
TimeMixer_TC,Australia,168,2022,11,d1426ba41c3df4486bc03bc52fbb856074191fa23ea4b1dd3652c226c1e7c64b,0.05082540742714345,0.0937338996849087
TimeMixer_TC,Australia,168,2023,11,f5b477a301e80101f9ef9d335cc8e1c2e51d4ccd2e28ae134f05e314551d56d2,0.05087841104195698,0.09392569102519492
TimeXer,Australia,6,2021,11,23669a213a37ce8447224cdb24eb7d7ccd549cf5ccc19249bdeec8c27cc0541a,0.04944083963289862,0.09212865883957676
TimeXer,Australia,6,2022,11,24a13cd2cc08d883540a4196bc7d26bd6255aa1adf7f0cee5851ad0c8a074ddc,0.04894957423742327,0.09121473087557286
TimeXer,Australia,6,2023,11,3b61744c1dda99bb4dede9659ce9dbaed43544b664dc895f965942c6b2f65a30,0.04920775884643454,0.09157375790326223
TimeXer,Australia,24,2021,11,f8fb9dea4bc387e27363e440ef835ed9baacb5971c0f43e4ced001878985951f,0.048842298165227664,0.09050385623816096
TimeXer,Australia,24,2022,11,e38b319ece1b7ecb2afd79bbdc1d56a1875a62245067e8d1c6b31b0d1d2c760a,0.04900091324178976,0.09110568648469299
TimeXer,Australia,24,2023,11,78befd772330f5b8cfb63f3e7dc057da6407fb9ea3839ba93b54e115414149cc,0.04899575082577237,0.09113345658709653
TimeXer,Australia,168,2021,11,6a1933c92b15df1e1f99f6118420477d11b73901c48f2d4029cff08dfa9a65f7,0.046999779281439454,0.08648120814492803
TimeXer,Australia,168,2022,11,747ac10f4b111aee62c80fef5612e297a6f7fbb31e968b5e84b9a43a6d4c85b4,0.047055617281325575,0.08659750608717719
TimeXer,Australia,168,2023,11,15de5878fc1a0537429cf5203c61e97fc73058bbed13dd93dbc6b867d64bd080,0.0470782535068017,0.086647366551325
iTransformer_FC,Australia,6,2021,11,5839635e870e03e6cbf76d779d554f3b9d198b57d11d265a8af2539e7c38eec3,0.042334309497087275,0.07924886157930731
iTransformer_FC,Australia,6,2022,11,2de0cbd27d116bbeb008bcb5dfd5d7a0f283f0b72818b72be19fcfabddeefdd3,0.042518730159490925,0.07952420593120083
iTransformer_FC,Australia,6,2023,11,1c7fa2d969bc8f8cd9b2c6b888c0ca0dfe6a210f1e9668944965b7c8e443ca50,0.042363239218464355,0.07925707663887777
iTransformer_FC,Australia,24,2021,11,4a1123255cbc0da00dbf2bf34937785d71b389dbca10f654f52a52901b3955d7,0.04439512106953625,0.08303505075334815
iTransformer_FC,Australia,24,2022,11,065d4be99da72af37558f6af9f20df4b06c839bd82aedf69505c5c6344f22cf0,0.04453420895691749,0.08329181266991793
iTransformer_FC,Australia,24,2023,11,41becf19b1015ee0f35f68bd101f7b3170d82ba255b0cfb2acc887e2f3982ff1,0.04397213307966122,0.08208194553364227
iTransformer_FC,Australia,168,2021,11,73fd9dba4a7f8095b984223349ac85c5966957cad2b086741034443ec10e3019,0.04798927586494623,0.08839128809046591
iTransformer_FC,Australia,168,2022,11,a3909dda5ac88e01fe96d63b927ca2f48d4c1efe32c0d928264de805948187d6,0.04807870161070169,0.0884793325745453
iTransformer_FC,Australia,168,2023,11,2925e1eb0815e8159d02095c9e222a135971f807baf7450d09481333ab3eaa3a,0.04813953478886543,0.08861763728539979
iTransformer_TC,Australia,6,2021,11,5c58c3ba8ec660e87a8d968249ece48f8e778d66f59d30c40752857672bc5050,0.042500740582198764,0.0795732100588522
iTransformer_TC,Australia,6,2022,11,e950991fccc611d11e8541821fbb054a4b4fc579e1b7c98665e35e0d8a58fc4d,0.04212112418454864,0.07893406175518895
iTransformer_TC,Australia,6,2023,11,276be245e993e8f5a41df6502149104a81b333d7d69890948e71cf93bb2228ae,0.041996073767943065,0.07866275408506208
iTransformer_TC,Australia,24,2021,11,00d3c32b1bde70f15a28700cc7c15cf15ff8d2057500dffb049945ef03035ddc,0.0443295448970535,0.08282690674335584
iTransformer_TC,Australia,24,2022,11,55757994cd03ebec69bea0bccdfe4620b1c3052f7b9a22220a4ee4d49c42be93,0.04432644528229259,0.08283427554913929
iTransformer_TC,Australia,24,2023,11,115983b5e9246a857524c46829993e7be3c8e233f89cc15e0563e66ff0c6bcbf,0.04381864249354744,0.0819435500918825
iTransformer_TC,Australia,168,2021,11,f96f957df908541fd671cb41c4c8b4bef20531d27321be005d05955d3a4f2f00,0.04834712770082359,0.0891730024043969
iTransformer_TC,Australia,168,2022,11,6702ba8719f8b17eed0dd1838c3242fa2de877f1eb6f13a9048d6c832a1798f6,0.048322013721901154,0.08913603355315233
iTransformer_TC,Australia,168,2023,11,fe6656538a55cbf38af8a1ee0adc3b9903cdcddfc86b48dc42e94d756d03fafa,0.04833297786281143,0.08899362334920441
