group,job_id,station_dir,seed,test_targets_and_order_exact,old_mae_recorded,old_R2,new_R2,delta_R2,old_MAE,new_MAE,delta_MAE,old_RMSE,new_RMSE,delta_RMSE,old_CRPS,new_CRPS,delta_CRPS,old_AQL,new_AQL,delta_AQL,mae_relative_change_pct
itf_tc_1h_6h,256e5c0ecc51390b,1_centralized/Australia/电站0-0053__Karadoc_Solar_Farm,2021,True,0.10988447210819272,0.6144865931810578,0.6144865931810578,0.0,0.10988447210819272,0.10988447210819272,0.0,0.19237968711848574,0.19237968711848574,0.0,0.08861058952076534,0.08861058952076534,0.0,0.04777944337723522,0.04777944337723522,0.0,0.0
itf_tc_1h_6h,02eaf31f695fb6f6,1_centralized/Australia/电站0-0040__Gannawarra_Solar_Farm,2021,True,0.11597929091251435,0.6609691313831749,0.6609691313831749,0.0,0.11597929091251435,0.11597929091251435,0.0,0.19869587678413173,0.19869587678413173,0.0,0.09218509590567132,0.09218509590567132,0.0,0.049226576812552714,0.049226576812552714,0.0,0.0
itf_tc_1h_6h,35681c0bc2e06b62,1_centralized/Australia/电站0-0031__Columboola_Solar_Farm,2021,True,0.058091106266560076,0.8153844108908166,0.8153844108908166,0.0,0.058091106266560076,0.058091106266560076,0.0,0.11883225137963174,0.11883225137963174,0.0,0.05436698088780658,0.05436698088780658,0.0,0.02932432762454511,0.02932432762454511,0.0,0.0
itf_tc_1h_6h,80a3790ade132b9a,1_centralized/Australia/电站0-0101__Woolooga_Solar_Farm,2021,True,0.10446389444754371,0.6313339526986536,0.6313339526986536,0.0,0.10446389444754371,0.10446389444754371,0.0,0.1796931175208103,0.1796931175208103,0.0,0.08166025893776852,0.08166025893776852,0.0,0.04370698527078655,0.04370698527078655,0.0,0.0
itf_tc_1h_6h,dc61de7d69a31088,1_centralized/Australia/电站0-0048__Haughton_Solar_Farm_Stage_1,2021,True,0.08549548226183078,0.7524752025793205,0.7524752025793205,0.0,0.08549548226183078,0.08549548226183078,0.0,0.14867204235970585,0.14867204235970585,0.0,0.06719973060825024,0.06719973060825024,0.0,0.03621773787110285,0.03621773787110285,0.0,0.0
itf_tc_1h_6h,f6ef2fd49e5fe5db,1_centralized/Australia/电站0-0073__Mugga_Lane_Solar_Park,2021,True,0.07194288625828407,0.8349926288166576,0.8349926288166576,0.0,0.07194288625828407,0.07194288625828407,0.0,0.13340082173250634,0.13340082173250634,0.0,0.05791098034671437,0.05791098034671437,0.0,0.031426799753561094,0.031426799753561094,0.0,0.0
itf_tc_1h_6h,f58ea386fa8092b7,1_centralized/Australia/电站0-0021__Bomen_Solar_Farm,2021,True,0.07056680581110801,0.6928760946188597,0.6928760946188597,0.0,0.07056680581110801,0.07056680581110801,0.0,0.12292705394473084,0.12292705394473084,0.0,0.06144004109239871,0.06144004109239871,0.0,0.0333251509742361,0.0333251509742361,0.0,0.0
itf_tc_1h_6h,0a7fd9b3d8fda4b8,1_centralized/Australia/电站0-0017__Bannerton_Solar_Park,2021,True,0.09612450655153072,0.7111321597278123,0.7111321597278123,0.0,0.09612450655153072,0.09612450655153072,0.0,0.16408158944250578,0.16408158944250578,0.0,0.07496357310547831,0.07496357310547831,0.0,0.04055668893674913,0.04055668893674913,0.0,0.0
itf_tc_1h_6h,4d77d19bb54af893,1_centralized/Australia/电站0-0100__Wollar_Solar_Farm,2021,True,0.11190544066869877,0.7190968769815049,0.7190968769815049,0.0,0.11190544066869877,0.11190544066869877,0.0,0.18278122922689352,0.18278122922689352,0.0,0.09811166185376095,0.09811166185376095,0.0,0.050657286102292344,0.050657286102292344,0.0,0.0
itf_tc_1h_6h,e9f3c2d1512363ed,1_centralized/Australia/电站0-0085__Stubbo_Solar_Farm_1,2021,True,0.1330349982245783,0.5366913463734893,0.5366913463734893,0.0,0.1330349982245783,0.1330349982245783,0.0,0.20837602706167865,0.20837602706167865,0.0,0.11377131692709962,0.11377131692709962,0.0,0.059180026726009166,0.059180026726009166,0.0,0.0
itf_tc_1h_6h,2560ca6b851329dc,1_centralized/Australia/电站0-0095__Wemen_Solar_Farm,2021,True,0.10942615069974378,0.6888473025999226,0.6888473025999226,0.0,0.10942615069974378,0.10942615069974378,0.0,0.1828764092134181,0.1828764092134181,0.0,0.08508508146166091,0.08508508146166091,0.0,0.04610712295511657,0.04610712295511657,0.0,0.0
itf_tc_15min_4h,0c0a93f1a9d2e5af,1_centralized/Australia/电站0-0053__Karadoc_Solar_Farm,2021,True,0.09566906495981667,0.6730153303059639,0.6727379297463405,-0.0002774005596234419,0.09566906495981667,0.09558194237825751,-8.712258155915698e-05,0.17809086457711468,0.17816639110289076,7.552652577608177e-05,0.07624973318754008,0.07613972472861094,-0.00011000845892913946,0.04098514241649105,0.04092668533955005,-5.845707694100005e-05,-0.09106661761118975
itf_tc_15min_4h,74eaf9ef851313f6,1_centralized/Australia/电站0-0040__Gannawarra_Solar_Farm,2021,True,0.09132927910619272,0.7607825865893948,0.7623316560825175,0.0015490694931227234,0.09132927910619272,0.09088150316732309,-0.0004477759388696323,0.1664887170503727,0.16594878673582797,-0.0005399303145447176,0.07227019092095367,0.07181399873757222,-0.00045619218338145695,0.0386280697460563,0.03840210891087075,-0.00022596083518554994,-0.49028739003729876
itf_tc_15min_4h,8ad9cacccd70aae2,1_centralized/Australia/电站0-0031__Columboola_Solar_Farm,2021,True,0.047771691190031475,0.8760728924930279,0.8754059661418492,-0.0006669263511787094,0.047771691190031475,0.04778208290758363,1.0391717552155066e-05,0.09737909896013416,0.09764077514288537,0.0002616761827512054,0.04201949357159182,0.04202171655750849,2.222985916670861e-06,0.022740302687314067,0.022744257226273743,3.954538959675957e-06,0.0217528776840195
itf_tc_15min_4h,ec5ecaf399f09799,1_centralized/Australia/电站0-0101__Woolooga_Solar_Farm,2021,True,0.09123860976765295,0.7031605848839289,0.6970374906011758,-0.006123094282753039,0.09123860976765295,0.09156705163307365,0.0003284418654206922,0.16205393674859986,0.16371679979151083,0.001662863042910967,0.06856510148025757,0.0684292110641895,-0.0001358904160680685,0.036930593510099044,0.03684286417107474,-8.772933902430335e-05,0.35998122533552185
itf_tc_15min_4h,85ed32da0288ad34,1_centralized/Australia/电站0-0048__Haughton_Solar_Farm_Stage_1,2021,True,0.07714548019228158,0.7806164225264097,0.7830227369439403,0.002406314417530586,0.07714548019228158,0.0772077368310054,6.225663872382048e-05,0.1401061076974326,0.13933561034218156,-0.0007704973552510319,0.05830457480588418,0.058098296269695114,-0.0002062785361890626,0.0314987628151157,0.0313914470551329,-0.00010731575998279563,0.08070030618598607
itf_tc_15min_4h,b897af473cc61c50,1_centralized/Australia/电站0-0073__Mugga_Lane_Solar_Park,2021,True,0.06457348909653979,0.8536532061117448,0.8536554154713828,2.209359638016828e-06,0.06457348909653979,0.06456228847937183,-1.1200617167958504e-05,0.12561925314282502,0.12561830491858392,-9.482242410985275e-07,0.04970692409926787,0.04974456733476541,3.7643235497542005e-05,0.02690168826052876,0.0269192915190946,1.760325856584033e-05,-0.017345535024773342
itf_tc_15min_4h,cb28af0995cf6b3e,1_centralized/Australia/电站0-0021__Bomen_Solar_Farm,2021,True,0.059291229712555155,0.7544102918649943,0.754206105496428,-0.0002041863685663392,0.059291229712555155,0.05914718910456787,-0.00014404060798728358,0.10986693619853019,0.10991259908480772,4.566288627752546e-05,0.050541627775356625,0.050440761631118713,-0.00010086614423791135,0.027411380820946768,0.02736117419707222,-5.020662387454633e-05,-0.24293746087843815
itf_tc_15min_4h,428f5424db5117c4,1_centralized/Australia/电站0-0017__Bannerton_Solar_Park,2021,True,0.09094877596900783,0.72555054812242,0.7272930368419159,0.0017424887194958938,0.09094877596900783,0.09054889404596281,-0.0003998819230450201,0.16011236351390853,0.15960327480506484,-0.0005090887088436968,0.07034480825758771,0.07011105662242975,-0.00023375163515795827,0.03791923242235185,0.03778366632904439,-0.0001355660933074626,-0.4396781801453666
itf_tc_15min_4h,f45b2c613223acbc,1_centralized/Australia/电站0-0100__Wollar_Solar_Farm,2021,True,0.13857941692187503,0.6071169601611034,0.5996666552624698,-0.007450304898633631,0.13857941692187503,0.1360226529988097,-0.002556763923065336,0.21662770802036468,0.2186720350165519,0.002044326996187229,0.13112629162410958,0.13165351448623172,0.0005272228621221453,0.0663466873787381,0.06628720386881008,-5.948350992801554e-05,-1.8449810078986888
itf_tc_15min_4h,a1f74802671d94fc,1_centralized/Australia/电站0-0085__Stubbo_Solar_Farm_1,2021,True,0.13005114159055287,0.5102684425189924,0.5076314377643176,-0.0026370047546747655,0.13005114159055287,0.13020736285765672,0.00015622126710385098,0.21493756411656195,0.21551546279601613,0.0005778986794541807,0.12051632384798937,0.12078057234861556,0.000264248500626188,0.061353479760103295,0.061476484375456275,0.00012300461535297985,0.12012294947451592
itf_tc_15min_4h,92c2ab524a7b102f,1_centralized/Australia/电站0-0095__Wemen_Solar_Farm,2021,True,0.10305051790850515,0.7033783265961071,0.70731629982429,0.0039379732281829005,0.10305051790850515,0.10256011185348016,-0.0004904060550249972,0.17817243451643267,0.17698576698732907,-0.0011866675291035966,0.07851695643710946,0.0781333588202241,-0.00038359761688536165,0.04242110718473019,0.04222793912964495,-0.00019316805508524243,-0.4758889765701237
cf_fc_15min_6h,e17bb10a1b033ea2,1_centralized/Australia/电站0-0053__Karadoc_Solar_Farm,2021,True,0.09957627692137959,0.6825389407409496,0.6825389407409496,0.0,0.09957627692137959,0.09957627692137959,0.0,0.1756008831223392,0.1756008831223392,0.0,0.07640550509145003,0.07640550509145003,0.0,0.04123432782971484,0.04123432782971484,0.0,0.0
cf_fc_15min_6h,8cfd448586be69e3,1_centralized/Australia/电站0-0040__Gannawarra_Solar_Farm,2021,True,0.09237379618084772,0.7758674659513103,0.7758674659513103,0.0,0.09237379618084772,0.09237379618084772,0.0,0.1612379913496292,0.1612379913496292,0.0,0.07292427642157506,0.07292427642157506,0.0,0.039090726173002195,0.039090726173002195,0.0,0.0
cf_fc_15min_6h,1f17935571a665b7,1_centralized/Australia/电站0-0031__Columboola_Solar_Farm,2021,True,0.07216998258383812,0.7923893117320798,0.7923893117320798,0.0,0.07216998258383812,0.07216998258383812,0.0,0.1260690921975038,0.1260690921975038,0.0,0.05905446683568492,0.05905446683568492,0.0,0.03162285097951937,0.03162285097951937,0.0,0.0
cf_fc_15min_6h,526183d28629f3aa,1_centralized/Australia/电站0-0101__Woolooga_Solar_Farm,2021,True,0.0966187494719892,0.6743693249773273,0.6743693249773273,0.0,0.0966187494719892,0.0966187494719892,0.0,0.16977096966764046,0.16977096966764046,0.0,0.07579463576627624,0.07579463576627624,0.0,0.04059651992586925,0.04059651992586925,0.0,0.0
cf_fc_15min_6h,379e62c8fdaa1ee6,1_centralized/Australia/电站0-0048__Haughton_Solar_Farm_Stage_1,2021,True,0.07669974100097739,0.7875656967540039,0.7875656967540039,0.0,0.07669974100097739,0.07669974100097739,0.0,0.13786611393663137,0.13786611393663137,0.0,0.061030836002560214,0.061030836002560214,0.0,0.032982622510625774,0.032982622510625774,0.0,0.0
cf_fc_15min_6h,4c7fdc31c919ee5e,1_centralized/Australia/电站0-0073__Mugga_Lane_Solar_Park,2021,True,0.06155564033930334,0.8730047765427041,0.8730047765427041,0.0,0.06155564033930334,0.06155564033930334,0.0,0.11683124215272378,0.11683124215272378,0.0,0.049154640217089283,0.049154640217089283,0.0,0.02661157736065474,0.02661157736065474,0.0,0.0
cf_fc_15min_6h,43043c7e7507477f,1_centralized/Australia/电站0-0021__Bomen_Solar_Farm,2021,True,0.0638943056735755,0.7350596763941433,0.7350596763941433,0.0,0.0638943056735755,0.0638943056735755,0.0,0.11419359162202415,0.11419359162202415,0.0,0.05236222280022555,0.05236222280022555,0.0,0.02798651342881779,0.02798651342881779,0.0,0.0
cf_fc_15min_6h,8a095b9ed91297cb,1_centralized/Australia/电站0-0017__Bannerton_Solar_Park,2021,True,0.09148994039626797,0.7533374420134105,0.7533374420134105,0.0,0.09148994039626797,0.09148994039626797,0.0,0.15188756256157565,0.15188756256157565,0.0,0.06812239392682375,0.06812239392682375,0.0,0.03717613324019449,0.03717613324019449,0.0,0.0
cf_fc_15min_6h,afc24fcf17a14127,1_centralized/Australia/电站0-0100__Wollar_Solar_Farm,2021,True,0.1453482241247614,0.57139815095319,0.57139815095319,0.0,0.1453482241247614,0.1453482241247614,0.0,0.22630365132449445,0.22630365132449445,0.0,0.13051104803832508,0.13051104803832508,0.0,0.06698023982329018,0.06698023982329018,0.0,0.0
cf_fc_15min_6h,0d648d91db25efd4,1_centralized/Australia/电站0-0085__Stubbo_Solar_Farm_1,2021,True,0.1393569458424079,0.5259348558072185,0.5259348558072185,0.0,0.1393569458424079,0.1393569458424079,0.0,0.21151800055239608,0.21151800055239608,0.0,0.11927580566577013,0.11927580566577013,0.0,0.062066621540785884,0.062066621540785884,0.0,0.0
cf_fc_15min_6h,728a65446e8c7e60,1_centralized/Australia/电站0-0095__Wemen_Solar_Farm,2021,True,0.10486302362648879,0.7220205415816647,0.7220205415816647,0.0,0.10486302362648879,0.10486302362648879,0.0,0.17256265195210221,0.17256265195210221,0.0,0.0774439578431431,0.0774439578431431,0.0,0.042264513373460925,0.042264513373460925,0.0,0.0
timexer_1h_168h,6f652e6a7b40e426,1_centralized/Australia/电站0-0053__Karadoc_Solar_Farm,2021,True,0.13579612244140166,0.5533507024007234,0.5533507024007234,0.0,0.13579612244140166,0.13579612244140166,0.0,0.2077121858522688,0.2077121858522688,0.0,0.0966317110233264,0.0966317110233264,0.0,0.05272428577347998,0.05272428577347998,0.0,0.0
timexer_1h_168h,6b05c797cacca4cb,1_centralized/Australia/电站0-0040__Gannawarra_Solar_Farm,2021,True,0.13864741557690208,0.6420368367585346,0.6420368367585346,0.0,0.13864741557690208,0.13864741557690208,0.0,0.20199930562191065,0.20199930562191065,0.0,0.09605656945411765,0.09605656945411765,0.0,0.052589089936218726,0.052589089936218726,0.0,0.0
timexer_1h_168h,2fdd3fd68868fa60,1_centralized/Australia/电站0-0031__Columboola_Solar_Farm,2021,True,0.08394967026053271,0.7627985446461855,0.7627985446461855,0.0,0.08394967026053271,0.08394967026053271,0.0,0.13518900418387053,0.13518900418387053,0.0,0.06597863320509646,0.06597863320509646,0.0,0.03618864339756212,0.03618864339756212,0.0,0.0
timexer_1h_168h,1a3458131c0b75b3,1_centralized/Australia/电站0-0101__Woolooga_Solar_Farm,2021,True,0.12522100638482084,0.6072081097905542,0.6072081097905542,0.0,0.12522100638482084,0.12522100638482084,0.0,0.18530452254621665,0.18530452254621665,0.0,0.083239998837436,0.083239998837436,0.0,0.045420966849291686,0.045420966849291686,0.0,0.0
timexer_1h_168h,e4fcd827532d09ab,1_centralized/Australia/电站0-0048__Haughton_Solar_Farm_Stage_1,2021,True,0.10520132838463574,0.7409170996202346,0.7409170996202346,0.0,0.10520132838463574,0.10520132838463574,0.0,0.15374326219687584,0.15374326219687584,0.0,0.07201062913275544,0.07201062913275544,0.0,0.039640620538987835,0.039640620538987835,0.0,0.0
timexer_1h_168h,0a9533d87f130544,1_centralized/Australia/电站0-0073__Mugga_Lane_Solar_Park,2021,True,0.09246039679431187,0.8560401445500367,0.8560401445500367,0.0,0.09246039679431187,0.09246039679431187,0.0,0.1341332084167807,0.1341332084167807,0.0,0.059442168122724466,0.059442168122724466,0.0,0.03286702109537116,0.03286702109537116,0.0,0.0
timexer_1h_168h,d4e8b21c1ca2cc6d,1_centralized/Australia/电站0-0021__Bomen_Solar_Farm,2021,True,0.09866911861873146,0.5177174889983607,0.5177174889983607,0.0,0.09866911861873146,0.09866911861873146,0.0,0.15059089755916275,0.15059089755916275,0.0,0.07147727091938674,0.07147727091938674,0.0,0.03897433962179244,0.03897433962179244,0.0,0.0
timexer_1h_168h,f24186af787656e6,1_centralized/Australia/电站0-0017__Bannerton_Solar_Park,2021,True,0.12396601819597632,0.6310149906781262,0.6310149906781262,0.0,0.12396601819597632,0.12396601819597632,0.0,0.18427755580724764,0.18427755580724764,0.0,0.08477051027346041,0.08477051027346041,0.0,0.04638619297189261,0.04638619297189261,0.0,0.0
timexer_1h_168h,1d168a49432ca3bd,1_centralized/Australia/电站0-0100__Wollar_Solar_Farm,2021,True,0.12464134517318798,0.7211522323493502,0.7211522323493502,0.0,0.12464134517318798,0.12464134517318798,0.0,0.18105392857954697,0.18105392857954697,0.0,0.10127446209527274,0.10127446209527274,0.0,0.053785080262928844,0.053785080262928844,0.0,0.0
timexer_1h_168h,0ccb27be0f100aa6,1_centralized/Australia/电站0-0085__Stubbo_Solar_Farm_1,2021,True,0.16200198479537778,0.46212181808142705,0.46212181808142705,0.0,0.16200198479537778,0.16200198479537778,0.0,0.22339130881427438,0.22339130881427438,0.0,0.12551682001844283,0.12551682001844283,0.0,0.06654452510890553,0.06654452510890553,0.0,0.0
timexer_1h_168h,09a0b0e72a7fc4fe,1_centralized/Australia/电站0-0095__Wemen_Solar_Farm,2021,True,0.13732939453499662,0.6102399662564368,0.6102399662564368,0.0,0.13732939453499662,0.13732939453499662,0.0,0.20202328489427748,0.20202328489427748,0.0,0.09489451651218958,0.09489451651218958,0.0,0.05187680653940342,0.05187680653940342,0.0,0.0
