model,mode,task,seed,stations,complete_australia11
Cross_Unet,cross_unet_nwp_direct,15min_short_4h,2021,11,True
Cross_Unet,cross_unet_nwp_direct,15min_short_4h,2022,11,True
Cross_Unet,cross_unet_nwp_direct,15min_short_4h,2023,11,True
Cross_Unet,cross_unet_nwp_direct,15min_short_6h,2021,11,True
Cross_Unet,cross_unet_nwp_direct,15min_short_6h,2022,11,True
Cross_Unet,cross_unet_nwp_direct,15min_short_6h,2023,11,True
Cross_Unet,cross_unet_nwp_direct,1h_dayahead_24h,2021,11,True
Cross_Unet,cross_unet_nwp_direct,1h_dayahead_24h,2022,11,True
Cross_Unet,cross_unet_nwp_direct,1h_dayahead_24h,2023,11,True
Cross_Unet,cross_unet_nwp_direct,1h_short_6h,2021,11,True
Cross_Unet,cross_unet_nwp_direct,1h_short_6h,2022,11,True
Cross_Unet,cross_unet_nwp_direct,1h_short_6h,2023,11,True
Cross_Unet,cross_unet_nwp_direct,1h_week_168h,2021,11,True
Cross_Unet,cross_unet_nwp_direct,1h_week_168h,2022,11,True
Cross_Unet,cross_unet_nwp_direct,1h_week_168h,2023,11,True
Crossformer,feature_concat,15min_short_4h,2021,11,True
Crossformer,feature_concat,15min_short_4h,2022,4,False
Crossformer,feature_concat,15min_short_4h,2023,4,False
Crossformer,feature_concat,15min_short_6h,2021,11,True
Crossformer,feature_concat,15min_short_6h,2022,11,True
Crossformer,feature_concat,15min_short_6h,2023,11,True
Crossformer,feature_concat,1h_dayahead_24h,2021,11,True
Crossformer,feature_concat,1h_dayahead_24h,2022,11,True
Crossformer,feature_concat,1h_dayahead_24h,2023,11,True
Crossformer,feature_concat,1h_short_6h,2021,11,True
Crossformer,feature_concat,1h_short_6h,2022,11,True
Crossformer,feature_concat,1h_short_6h,2023,11,True
Crossformer,feature_concat,1h_week_168h,2021,11,True
Crossformer,feature_concat,1h_week_168h,2022,11,True
Crossformer,feature_concat,1h_week_168h,2023,11,True
Crossformer,time_concat,15min_short_4h,2021,11,True
Crossformer,time_concat,15min_short_4h,2022,4,False
Crossformer,time_concat,15min_short_4h,2023,4,False
Crossformer,time_concat,15min_short_6h,2021,11,True
Crossformer,time_concat,15min_short_6h,2022,11,True
Crossformer,time_concat,15min_short_6h,2023,11,True
Crossformer,time_concat,1h_dayahead_24h,2021,11,True
Crossformer,time_concat,1h_dayahead_24h,2022,11,True
Crossformer,time_concat,1h_dayahead_24h,2023,11,True
Crossformer,time_concat,1h_short_6h,2021,11,True
Crossformer,time_concat,1h_short_6h,2022,11,True
Crossformer,time_concat,1h_short_6h,2023,11,True
Crossformer,time_concat,1h_week_168h,2021,11,True
Crossformer,time_concat,1h_week_168h,2022,11,True
Crossformer,time_concat,1h_week_168h,2023,11,True
DAGWrapper,dag_external_direct,15min_short_4h,2021,11,True
DAGWrapper,dag_external_direct,15min_short_4h,2022,11,True
DAGWrapper,dag_external_direct,15min_short_4h,2023,11,True
DAGWrapper,dag_external_direct,15min_short_6h,2021,11,True
DAGWrapper,dag_external_direct,15min_short_6h,2022,11,True
DAGWrapper,dag_external_direct,15min_short_6h,2023,11,True
DAGWrapper,dag_external_direct,1h_dayahead_24h,2021,11,True
DAGWrapper,dag_external_direct,1h_dayahead_24h,2022,11,True
DAGWrapper,dag_external_direct,1h_dayahead_24h,2023,11,True
DAGWrapper,dag_external_direct,1h_short_6h,2021,11,True
DAGWrapper,dag_external_direct,1h_short_6h,2022,11,True
DAGWrapper,dag_external_direct,1h_short_6h,2023,11,True
DAGWrapper,dag_external_direct,1h_week_168h,2021,11,True
DAGWrapper,dag_external_direct,1h_week_168h,2022,11,True
DAGWrapper,dag_external_direct,1h_week_168h,2023,11,True
FusionSFNoSpatial,none,15min_short_4h,2021,11,True
FusionSFNoSpatial,none,15min_short_4h,2022,11,True
FusionSFNoSpatial,none,15min_short_4h,2023,11,True
FusionSFNoSpatial,none,15min_short_6h,2021,11,True
FusionSFNoSpatial,none,15min_short_6h,2022,11,True
FusionSFNoSpatial,none,15min_short_6h,2023,11,True
FusionSFNoSpatial,none,1h_dayahead_24h,2021,11,True
FusionSFNoSpatial,none,1h_dayahead_24h,2022,11,True
FusionSFNoSpatial,none,1h_dayahead_24h,2023,11,True
FusionSFNoSpatial,none,1h_short_6h,2021,11,True
FusionSFNoSpatial,none,1h_short_6h,2022,11,True
FusionSFNoSpatial,none,1h_short_6h,2023,11,True
FusionSFNoSpatial,none,1h_week_168h,2021,11,True
FusionSFNoSpatial,none,1h_week_168h,2022,11,True
FusionSFNoSpatial,none,1h_week_168h,2023,11,True
GCGNetWrapper,dag_external_direct,15min_short_4h,2021,11,True
GCGNetWrapper,dag_external_direct,15min_short_4h,2022,11,True
GCGNetWrapper,dag_external_direct,15min_short_4h,2023,11,True
GCGNetWrapper,dag_external_direct,15min_short_6h,2021,11,True
GCGNetWrapper,dag_external_direct,15min_short_6h,2022,11,True
GCGNetWrapper,dag_external_direct,15min_short_6h,2023,11,True
GCGNetWrapper,dag_external_direct,1h_dayahead_24h,2021,11,True
GCGNetWrapper,dag_external_direct,1h_dayahead_24h,2022,11,True
GCGNetWrapper,dag_external_direct,1h_dayahead_24h,2023,11,True
GCGNetWrapper,dag_external_direct,1h_short_6h,2021,11,True
GCGNetWrapper,dag_external_direct,1h_short_6h,2022,11,True
GCGNetWrapper,dag_external_direct,1h_short_6h,2023,11,True
GCGNetWrapper,dag_external_direct,1h_week_168h,2021,11,True
GCGNetWrapper,dag_external_direct,1h_week_168h,2022,11,True
GCGNetWrapper,dag_external_direct,1h_week_168h,2023,11,True
LightTS,feature_concat,15min_short_4h,2021,11,True
LightTS,feature_concat,15min_short_4h,2022,4,False
LightTS,feature_concat,15min_short_4h,2023,4,False
LightTS,feature_concat,15min_short_6h,2021,11,True
LightTS,feature_concat,15min_short_6h,2022,11,True
LightTS,feature_concat,15min_short_6h,2023,11,True
LightTS,feature_concat,1h_dayahead_24h,2021,11,True
LightTS,feature_concat,1h_dayahead_24h,2022,11,True
LightTS,feature_concat,1h_dayahead_24h,2023,11,True
LightTS,feature_concat,1h_short_6h,2021,11,True
LightTS,feature_concat,1h_short_6h,2022,11,True
LightTS,feature_concat,1h_short_6h,2023,11,True
LightTS,feature_concat,1h_week_168h,2021,11,True
LightTS,feature_concat,1h_week_168h,2022,11,True
LightTS,feature_concat,1h_week_168h,2023,11,True
LightTS,time_concat,15min_short_4h,2021,11,True
LightTS,time_concat,15min_short_4h,2022,4,False
LightTS,time_concat,15min_short_4h,2023,4,False
LightTS,time_concat,15min_short_6h,2021,11,True
LightTS,time_concat,15min_short_6h,2022,11,True
LightTS,time_concat,15min_short_6h,2023,11,True
LightTS,time_concat,1h_dayahead_24h,2021,11,True
LightTS,time_concat,1h_dayahead_24h,2022,11,True
LightTS,time_concat,1h_dayahead_24h,2023,11,True
LightTS,time_concat,1h_short_6h,2021,11,True
LightTS,time_concat,1h_short_6h,2022,11,True
LightTS,time_concat,1h_short_6h,2023,11,True
LightTS,time_concat,1h_week_168h,2021,11,True
LightTS,time_concat,1h_week_168h,2022,11,True
LightTS,time_concat,1h_week_168h,2023,11,True
PatchTST,feature_concat,15min_short_4h,2021,11,True
PatchTST,feature_concat,15min_short_4h,2022,4,False
PatchTST,feature_concat,15min_short_4h,2023,4,False
PatchTST,feature_concat,15min_short_6h,2021,11,True
PatchTST,feature_concat,15min_short_6h,2022,11,True
PatchTST,feature_concat,15min_short_6h,2023,11,True
PatchTST,feature_concat,1h_dayahead_24h,2021,11,True
PatchTST,feature_concat,1h_dayahead_24h,2022,11,True
PatchTST,feature_concat,1h_dayahead_24h,2023,11,True
PatchTST,feature_concat,1h_short_6h,2021,11,True
PatchTST,feature_concat,1h_short_6h,2022,11,True
PatchTST,feature_concat,1h_short_6h,2023,11,True
PatchTST,feature_concat,1h_week_168h,2021,11,True
PatchTST,feature_concat,1h_week_168h,2022,11,True
PatchTST,feature_concat,1h_week_168h,2023,11,True
PatchTST,time_concat,15min_short_4h,2021,11,True
PatchTST,time_concat,15min_short_4h,2022,4,False
PatchTST,time_concat,15min_short_4h,2023,4,False
PatchTST,time_concat,15min_short_6h,2021,11,True
PatchTST,time_concat,15min_short_6h,2022,11,True
PatchTST,time_concat,15min_short_6h,2023,11,True
PatchTST,time_concat,1h_dayahead_24h,2021,11,True
PatchTST,time_concat,1h_dayahead_24h,2022,11,True
PatchTST,time_concat,1h_dayahead_24h,2023,11,True
PatchTST,time_concat,1h_short_6h,2021,11,True
PatchTST,time_concat,1h_short_6h,2022,11,True
PatchTST,time_concat,1h_short_6h,2023,11,True
PatchTST,time_concat,1h_week_168h,2021,11,True
PatchTST,time_concat,1h_week_168h,2022,11,True
PatchTST,time_concat,1h_week_168h,2023,11,True
TiDEBenchmarkWrapper,dag_external_direct,15min_short_4h,2021,11,True
TiDEBenchmarkWrapper,dag_external_direct,15min_short_4h,2022,11,True
TiDEBenchmarkWrapper,dag_external_direct,15min_short_4h,2023,11,True
TiDEBenchmarkWrapper,dag_external_direct,15min_short_6h,2021,11,True
TiDEBenchmarkWrapper,dag_external_direct,15min_short_6h,2022,11,True
TiDEBenchmarkWrapper,dag_external_direct,15min_short_6h,2023,11,True
TiDEBenchmarkWrapper,dag_external_direct,1h_dayahead_24h,2021,11,True
TiDEBenchmarkWrapper,dag_external_direct,1h_dayahead_24h,2022,11,True
TiDEBenchmarkWrapper,dag_external_direct,1h_dayahead_24h,2023,11,True
TiDEBenchmarkWrapper,dag_external_direct,1h_short_6h,2021,11,True
TiDEBenchmarkWrapper,dag_external_direct,1h_short_6h,2022,11,True
TiDEBenchmarkWrapper,dag_external_direct,1h_short_6h,2023,11,True
TiDEBenchmarkWrapper,dag_external_direct,1h_week_168h,2021,11,True
TiDEBenchmarkWrapper,dag_external_direct,1h_week_168h,2022,11,True
TiDEBenchmarkWrapper,dag_external_direct,1h_week_168h,2023,11,True
TimeMixer,feature_concat,15min_short_4h,2021,11,True
TimeMixer,feature_concat,15min_short_4h,2022,4,False
TimeMixer,feature_concat,15min_short_4h,2023,4,False
TimeMixer,feature_concat,15min_short_6h,2021,11,True
TimeMixer,feature_concat,15min_short_6h,2022,11,True
TimeMixer,feature_concat,15min_short_6h,2023,11,True
TimeMixer,feature_concat,1h_dayahead_24h,2021,11,True
TimeMixer,feature_concat,1h_dayahead_24h,2022,11,True
TimeMixer,feature_concat,1h_dayahead_24h,2023,11,True
TimeMixer,feature_concat,1h_short_6h,2021,11,True
TimeMixer,feature_concat,1h_short_6h,2022,11,True
TimeMixer,feature_concat,1h_short_6h,2023,11,True
TimeMixer,feature_concat,1h_week_168h,2021,11,True
TimeMixer,feature_concat,1h_week_168h,2022,11,True
TimeMixer,feature_concat,1h_week_168h,2023,11,True
TimeMixer,time_concat,15min_short_4h,2021,11,True
TimeMixer,time_concat,15min_short_4h,2022,4,False
TimeMixer,time_concat,15min_short_4h,2023,4,False
TimeMixer,time_concat,15min_short_6h,2021,11,True
TimeMixer,time_concat,15min_short_6h,2022,11,True
TimeMixer,time_concat,15min_short_6h,2023,11,True
TimeMixer,time_concat,1h_dayahead_24h,2021,11,True
TimeMixer,time_concat,1h_dayahead_24h,2022,11,True
TimeMixer,time_concat,1h_dayahead_24h,2023,11,True
TimeMixer,time_concat,1h_short_6h,2021,11,True
TimeMixer,time_concat,1h_short_6h,2022,11,True
TimeMixer,time_concat,1h_short_6h,2023,11,True
TimeMixer,time_concat,1h_week_168h,2021,11,True
TimeMixer,time_concat,1h_week_168h,2022,11,True
TimeMixer,time_concat,1h_week_168h,2023,11,True
TimeXerWrapper,dag_external_direct,15min_short_4h,2021,11,True
TimeXerWrapper,dag_external_direct,15min_short_4h,2022,11,True
TimeXerWrapper,dag_external_direct,15min_short_4h,2023,11,True
TimeXerWrapper,dag_external_direct,15min_short_6h,2021,11,True
TimeXerWrapper,dag_external_direct,15min_short_6h,2022,11,True
TimeXerWrapper,dag_external_direct,15min_short_6h,2023,11,True
TimeXerWrapper,dag_external_direct,1h_dayahead_24h,2021,11,True
TimeXerWrapper,dag_external_direct,1h_dayahead_24h,2022,11,True
TimeXerWrapper,dag_external_direct,1h_dayahead_24h,2023,11,True
TimeXerWrapper,dag_external_direct,1h_short_6h,2021,11,True
TimeXerWrapper,dag_external_direct,1h_short_6h,2022,11,True
TimeXerWrapper,dag_external_direct,1h_short_6h,2023,11,True
TimeXerWrapper,dag_external_direct,1h_week_168h,2021,11,True
TimeXerWrapper,dag_external_direct,1h_week_168h,2022,11,True
TimeXerWrapper,dag_external_direct,1h_week_168h,2023,11,True
iTransformer,feature_concat,15min_short_4h,2021,11,True
iTransformer,feature_concat,15min_short_4h,2022,4,False
iTransformer,feature_concat,15min_short_4h,2023,4,False
iTransformer,feature_concat,15min_short_6h,2021,11,True
iTransformer,feature_concat,15min_short_6h,2022,11,True
iTransformer,feature_concat,15min_short_6h,2023,11,True
iTransformer,feature_concat,1h_dayahead_24h,2021,11,True
iTransformer,feature_concat,1h_dayahead_24h,2022,11,True
iTransformer,feature_concat,1h_dayahead_24h,2023,11,True
iTransformer,feature_concat,1h_short_6h,2021,11,True
iTransformer,feature_concat,1h_short_6h,2022,11,True
iTransformer,feature_concat,1h_short_6h,2023,11,True
iTransformer,feature_concat,1h_week_168h,2021,11,True
iTransformer,feature_concat,1h_week_168h,2022,11,True
iTransformer,feature_concat,1h_week_168h,2023,11,True
iTransformer,time_concat,15min_short_4h,2021,11,True
iTransformer,time_concat,15min_short_4h,2022,4,False
iTransformer,time_concat,15min_short_4h,2023,4,False
iTransformer,time_concat,15min_short_6h,2021,11,True
iTransformer,time_concat,15min_short_6h,2022,11,True
iTransformer,time_concat,15min_short_6h,2023,11,True
iTransformer,time_concat,1h_dayahead_24h,2021,11,True
iTransformer,time_concat,1h_dayahead_24h,2022,11,True
iTransformer,time_concat,1h_dayahead_24h,2023,11,True
iTransformer,time_concat,1h_short_6h,2021,11,True
iTransformer,time_concat,1h_short_6h,2022,11,True
iTransformer,time_concat,1h_short_6h,2023,11,True
iTransformer,time_concat,1h_week_168h,2021,11,True
iTransformer,time_concat,1h_week_168h,2022,11,True
iTransformer,time_concat,1h_week_168h,2023,11,True
